view,queries,bm25_winners,dense_winners,ties,candidate_id,fixed_bm25_mean_f1,fixed_dense_mean_f1,oracle_mean_f1,mean_gain_over_split_seeds,split_seed_gains,consensus_router_mean_f1,consensus_gain_over_fixed_dense,gain_ci95_lower,gain_ci95_upper,switch_coverage,beneficial_switches,harmful_switches,harmful_to_beneficial_mass_ratio,high_margin_bm25_winner_recall,oracle_recovery,gap_spearman,non_tie_auc,calibration_slope,top_decile_realized_gap,gate_passed,failed_checks
T0_tiecap,8760,1196,1564,6000,M3_pca32_structured_ridge,0.6120036340205268,0.6427262610414745,0.7187327229517143,0.003021337754816821,0.00357771086434;0.00372978199454;0.00175652040556,0.6453494326511765,0.0026231716097020893,-0.00018881733924455465,0.00542670667537479,0.17168949771689498,205,179,0.8025827795067297,0.17370892018779344,0.03451248148874414,0.09613687831501701,0.5853163571666852,1.1552776866080707,0.020899605176751507,False,practical_gain;grouped_bootstrap_ci_lower;harmful_to_beneficial_mass_ratio
T0_tiecap,8760,1196,1564,6000,M4_oof_late_fusion,0.6120036340205268,0.6427262610414745,0.7187327229517143,0.0017988957117480396,0.0039609058836;0.00110827681862;0.000327504433028,0.6452886099828102,0.0025623489413357436,-0.0003394554907440684,0.005480856895272309,0.15262557077625571,185,176,0.8087345559884295,0.16338028169014085,0.03371225126044888,0.07801623011097505,0.567309830723041,1.1377485826676177,0.02141727710157449,False,practical_gain;grouped_bootstrap_ci_lower;harmful_to_beneficial_mass_ratio
T0_tiecap,8760,1196,1564,6000,M4_pca32_oof_late_fusion,0.6120036340205268,0.6427262610414745,0.7187327229517143,0.0022049247208480068,0.00293462551235;0.00327609709618;0.00040405155401,0.6457280709217673,0.0030018098802928527,-7.991749541116669e-06,0.005986764310835604,0.17545662100456622,202,179,0.7859057965295424,0.17464788732394365,0.03949414043029463,0.09444724626034372,0.583787924796209,1.125376719133468,0.01123938137134908,False,practical_gain;grouped_bootstrap_ci_lower;harmful_to_beneficial_mass_ratio
T1_winner2000,10000,2000,2000,6000,M3_pca32_structured_ridge,0.6084894367963855,0.6140276526693413,0.7317672314082436,0.0187927615080674,0.0189171989357;0.0183897039742;0.0190713816142,0.633614181750161,0.01958652908081965,0.01397830040161143,0.02493482355519082,0.448,939,660,0.6643299032470654,0.47703375760929717,0.16635467266495388,0.10780091788924065,0.59424125,1.082451830159578,0.05257914164878045,False,harmful_to_beneficial_mass_ratio
T1_winner2000,10000,2000,2000,6000,M4_oof_late_fusion,0.6084894367963855,0.6140276526693413,0.7317672314082436,0.019908654417696344,0.0209549574512;0.0197365803752;0.0190344254267,0.6355302277756377,0.021502575106296377,0.015540667234282695,0.027400565624869457,0.496,1067,787,0.6810887398219834,0.54344216934145,0.18262826601393062,0.11613090936445349,0.5988260000000001,1.0404943165144027,0.062108414142217,False,harmful_to_beneficial_mass_ratio
T1_winner2000,10000,2000,2000,6000,M4_pca32_oof_late_fusion,0.6084894367963855,0.6140276526693413,0.7317672314082436,0.020842044900280587,0.0232306591894;0.0203557142237;0.0189397612877,0.6369260724148061,0.022898419745464763,0.016954731526256445,0.028596515090408156,0.4795,1033,718,0.6465639456428627,0.5268400664084117,0.19448362216620455,0.11332455607891635,0.59841925,1.0567108629298083,0.05764858134756798,False,harmful_to_beneficial_mass_ratio
T2_winner3000,12000,3000,3000,6000,M3_pca32_structured_ridge,0.5937583639731046,0.5905602592855955,0.7506345429188752,0.0402576183892333,0.0412254027148;0.0408018198929;0.03874563256,0.6308008105849772,0.04024055129938162,0.033561172474513165,0.046721934888681996,0.525,1827,1204,0.6075842359837814,0.6195104391648668,0.2513867336215619,0.17601595500232084,0.6376123333333333,1.054449171499599,0.11127148580868482,False,harmful_to_beneficial_mass_ratio;switch_coverage
T2_winner3000,12000,3000,3000,6000,M4_oof_late_fusion,0.5937583639731046,0.5905602592855955,0.7506345429188752,0.04202403732933188,0.0419319736716;0.0413787460744;0.042761392242,0.6328385013979321,0.042278242112336606,0.03542121101654293,0.04899853884719899,0.5586666666666666,1954,1345,0.6178971472307787,0.6609071274298056,0.2641163911699486,0.1851265655182845,0.6394563333333333,1.023244424111706,0.1476925284994746,False,harmful_to_beneficial_mass_ratio;switch_coverage
T2_winner3000,12000,3000,3000,6000,M4_pca32_oof_late_fusion,0.5937583639731046,0.5905602592855955,0.7506345429188752,0.04155843048302058,0.0410274729875;0.0426906903855;0.0409571280761,0.6332980977623187,0.042737838476723224,0.03589554036287149,0.04943172068976968,0.5561666666666667,1935,1307,0.6103838270427114,0.6580273578113751,0.26698753545343346,0.1784475524007697,0.6374190000000001,1.0279450911823245,0.11672764279866309,False,harmful_to_beneficial_mass_ratio;switch_coverage
